<?xml version="1.0" encoding="utf-8"?>
<ApplicationInstallerManifest>
   <DefaultInstallationDirectory>/Applications/231/helloworld/</DefaultInstallationDirectory>
   <ApplicationName>helloworld</ApplicationName>
   <ExecutableName>application/ </ExecutableName>
   <GUID>98c62363-63c9-4fc2-b95a-d569b55689eb</GUID>
   <ApplicationIcon>default_icon_48.png</ApplicationIcon>
   <Logo>default_logo.png</Logo>
   <Version>1.0</Version>
   <AuthorOrganization>231</AuthorOrganization>
   <Summary>123</Summary>
   <WelcomePanelText>helloworld 1.0
123

123

123
12</WelcomePanelText>
   <MCRProducts>
      <MCRProduct>
         <ExternalProductIdentifier>35000</ExternalProductIdentifier>
      </MCRProduct>
   </MCRProducts>
</ApplicationInstallerManifest>